row_id,source_live_row_sha256,source_incremental_row_sha256,prefix_commitment_equal,live_incremental_suffix_equal,live_replica_suffix_equal,prefill_suffix_equal,prefill_replica_suffix_equal,comparison_objects_equal,cache_live_replica_fingerprint_equal,cache_live_prefill_fingerprint_equal,cache_prefill_replica_fingerprint_equal,logits_live_replica_fingerprint_equal,logits_live_prefill_fingerprint_equal,logits_prefill_replica_fingerprint_equal,cache_common_scalar_leaves_per_section,logit_common_scalar_leaves_per_section,audit_pass
r0000,3c5902c5e403909f24d801458c760d1e603575c0e2bce77444e3c4c777f7364b,9c329688bbaaeea1608a04ab1722c7213bdb3a7c9698d5dfc589eb524b2e751e,true,true,true,true,true,true,true,true,true,true,true,true,1158,14,true
r0001,cde77d714b425d298505645aef8ce74a903431184d7b28551cd3bc166d83d175,68b5cec0700590185e7790f822d760e503311cc5b8892a9f4d2d220e443e2c25,true,true,true,true,true,true,true,true,true,true,true,true,1158,14,true
r0002,7ea446152dfb268b5d99fc99ed7aa821098d697926ed32838d9effa928f227de,77a1973e255253ea1521651f01258cd7cebb83a3e415efe907a18d823fbd0663,true,true,true,true,true,true,true,true,true,true,true,true,1158,14,true
r0003,751b7659d4a7cdd4378b07163e26ae293ede411517263335a83dc69c803bfbfe,787a843ab330dbecb2bc4957bfcfff5a21a6b03f1911c0902cef1ba99f92df8e,true,true,true,true,true,true,true,true,true,true,true,true,1158,14,true
r0004,e737ce6dcc201ef2918cf51e9efa162046797f1f4366334b81ced89595ead950,7c4fb8d5bf34103dc0eead0c0b6078b0d43328a0b3d50264daf001d0d391595d,true,true,true,true,true,true,true,true,true,true,true,true,1158,14,true
r0005,fe7a48ac4b1afe66d86a511249f804d7ae4f9a11acea9858cf8d1adc16298145,3ffba2804df04452f0dec1cbb14f275359c1f5f9efe5a578196cbacd287c9b4d,true,true,true,true,true,true,true,true,true,true,true,true,1158,14,true
r0006,d25bfd94417fc6b0886e9a824035d88131f1e25b9595a7d4722663938175ead8,8543350d6098a0c80a2cf02a5647ad9e71df12223a8f193c22342717aeaf6de7,true,true,true,true,true,true,true,true,true,true,true,true,1158,14,true
r0007,f20eda1c4a590a7b0f51e93a1661d612848a2993f3bb251ce4df9f6d11e6e3f0,b1882dda8376088f5da9b8a4b84fc17af8496faf9a0da68e706c6557d6869845,true,true,true,true,true,true,true,true,true,true,true,true,1158,14,true
r0008,267d0d2ae7f88af905a0da1bbc6bf5885604a93883311aac31135a69849e7156,4dd6909fdd8a67bd4c6edf02cf0995896408122a0d7c731ce2a6dd3a4e6663a0,true,true,true,true,true,true,true,true,true,true,true,true,1158,14,true
r0009,8a4930c29b5326e777724386a12fe4fb47b9952d38993ac50fed00df4fdf89fe,579c9efe0f3323471fd9075169ffd7281f94f0289c023632549eeee87f0f7cfd,true,true,true,true,true,true,true,true,true,true,true,true,1158,14,true
r0010,550670e21f2d3b6b313d418add2bb1a953ee8b6fe52a67f84f6a9667ea40cfb3,f64f398a48f9ba07f72a4d2e94c199048d00996c11ffcf004466ef99f1572c16,true,true,true,true,true,true,true,true,true,true,true,true,1158,14,true
r0011,c12d7d4f55b82497280e82c04d164622cf3cb01fa8fc5a60fcf2989648c03637,f39de2a6649d2f0ceef8ee3915384be91863b32aba401d4c7c403d16b60830cc,true,true,true,true,true,true,true,true,true,true,true,true,1158,14,true
r0012,9d60e7742d48601c262eaf23caf9344b6f418931189d40630cae6cd69d354ea9,3e107491125a91dfd28364e6dcb3b42d03b301ae79740fb00128a2db8854d990,true,true,true,true,true,true,true,true,true,true,true,true,1158,14,true
r0013,0c96f1321cfe4e4340c694cdd5c48b4a47e167958d085997b685dbe36f775c41,53ee3bf1a61ade51dd3aaacddfda25b4c839f5f4f8a4b1aed081ef686ebcba96,true,true,true,true,true,true,true,true,true,true,true,true,1158,14,true
r0014,57492d942827c16b5489ff394c7367ce8e29675ff09f3a31792182aaff0ebb52,d52445aea3194a54f4f24891c16e46fc2ce8630670fde4dde8188a903109d89d,true,true,true,true,true,true,true,true,true,true,true,true,1158,14,true
r0015,3c2cc2646c02bf161ec9f5504ffff4f6a0dca5184f93a903130c9a923ae19f5f,29de63a24d0738b623a5b5122716e1d75b36277cf09497c3546ca4f4328ffe14,true,true,true,true,true,true,true,true,true,true,true,true,1158,14,true
r0016,b8c0046895d828098b247c4bce906916fd77ebb1359a4193031cd7007e888bb5,342d5cc6d2c2ac5cc9683a97bbf1d89db0a20c390bcadc261751b82e5aaac7bd,true,true,true,true,true,true,true,true,true,true,true,true,1158,14,true
r0017,43e72dadf79ff05ef2bddc241b567ddb9952d1d4d2b93f083e217ab446b431ed,901fc1f508fc29f2e59d10ffa7b6d27baaafd5c4cda7971df77c017ef7b6e7f7,true,true,true,true,true,true,true,true,true,true,true,true,1158,14,true
r0018,4837590d8dd19982da5a77c17c6e7b025dcf34537d9d52e03a3137e959c14d34,e1713c574237e135719c76e220d2113a87c7b24f85bdfd7863a0dbace1f4bfc0,true,true,true,true,true,true,true,true,true,true,true,true,1158,14,true
r0019,4d7ce55a4ff773f31ff99a7cc520e6c65fb9dce415cce83f176a9709f1ee5e1b,55f537dd28453048009cab5dba3d4549fa7e8c9fb403ae03b251a7de04c293fe,true,true,true,true,true,true,true,true,true,true,true,true,1158,14,true
r0020,0d5d8a481adb861a2d2f5e5f9df1d09915e40c092a94267199a6bbeeaa4fde25,a5e7ee3823b088dd7708fffd3b3f5cbb11e68ed7f687776fcaa2b6488445c112,true,true,true,true,true,true,true,true,true,true,true,true,1158,14,true
r0021,ead955ab62b2f70a6fa769fba5b9ed403070a0864807bbfc4c646ba914ef49ee,95bf23e604e1b3c1c6a8dfe910bb89bec5479ce9fcb0a897ba3fe2025a3fd766,true,true,true,true,true,true,true,true,true,true,true,true,1158,14,true
r0022,81e9ac3a511ba37c5fdc4c5e292b561fec8b744bd89b77ac3fbfe5493db8200b,9609cde9cb21d6386b2402ffe18b49139b28136a831cc394d23a82c3f1ebf2db,true,true,true,true,true,true,true,true,true,true,true,true,1158,14,true
r0023,6ca9c9ca9ea9d4778599d5497e1bea468ff3a368c1a1ed325848b693790f8886,b3e0edc478781f087a2db7348b478d01c15640599c023cf4bc82566dd69c438a,true,true,true,true,true,true,true,true,true,true,true,true,1158,14,true
r0024,2787dffe991049bd6497f11ff3eb5127a78289da2f8c4f77cfe252ec74a0d3ed,49250b517a52862603dc4b1321f667a3682c39d0509840ba8bc0ee89dffd213c,true,true,true,true,true,true,true,true,true,true,true,true,1158,14,true
r0025,696bb28e8969c5b1825469114e3ce28a94a65840a9ae985fd2075a75afc2706a,f540e3cef3f5d36e45485a92ca8bca52d89c786d068d485da7f681525d7368a2,true,true,true,true,true,true,true,true,true,true,true,true,1158,14,true
r0026,ba321ef19950e9f84294e120051a0d1834b1e76251891f407c0cc8ca886c3840,f2ec43798d5b62850baf6129e29816ec9ee8a557d6e0bb414c4c66f56712bd56,true,true,true,true,true,true,true,true,true,true,true,true,1158,14,true
r0027,9d938d9ebc131c5e1aba66fa56f56db3587f748d9acf54804db6fbf549eb3bc1,5e46b34a84dddae6b51d850eff1960520983bae2dd1729dd545dec92757275a0,true,true,true,true,true,true,true,true,true,true,true,true,1158,14,true
r0028,8d92e84048bbf239f38e572755309508b5cebd3730edc8e7d98811452b2d3600,a01c92d7f311ee10b924d4f3ed01ba0067746aef10c2ab8c7cbd5dcefe383b41,true,true,true,true,true,true,true,true,true,true,true,true,1158,14,true
r0029,4f1aeb8d820ffb361c914da24aa57799d86cf2a073600be279f06763f36f7809,0979db73ad24867f1611e9a46c34cf97819d3db4ed1abc75322aa2a7a958d187,true,true,true,true,true,true,true,true,true,true,true,true,1158,14,true
r0030,aed69b3f47dcd67c2e6b1e9d94fd79adbed109de7c4ad71d060aa39d2ec7ff2b,2d30898e2c8cd87289c02ba6b61ac805794a984b752576b9f57ca7547504fb4e,true,true,true,true,true,true,true,true,true,true,true,true,1158,14,true
r0031,692e30b4549ef3fb5a0cfa0d9341a4a8ee6c2a47329d883441f553da8c8d456d,4db267230e7013b0c05e16d9a0b72bb037ef011969852abadbcebf11d94a7483,true,true,true,true,true,true,true,true,true,true,true,true,1158,14,true
r0032,1a806663f2b9b54ee2668f6bfce263c1f8a2b5d94f23fcb3bbe69cab7f39ae39,e437a4bc0c60606492e202ec0e64cc6dac77ec0a2975ce52ad6667a42e044183,true,true,true,true,true,true,true,true,true,true,true,true,1158,14,true
r0033,666edac89dce18d145331b0ca40fc59c638f6b5a5ac02af81d11276690c2d998,e514208e2b08217aab5f750012fd4a7111ac8c469e00f1240aab74d91eeaec87,true,true,true,true,true,true,true,true,true,true,true,true,1158,14,true
r0034,1fa2429fcf1fb9d51d6a408b83ef5279164d778847cfcf9511e0fd046cddeed7,6087c969b67158e6e4e39eb8861f300799c746c97b328aa59faf66975a24de97,true,true,true,true,true,true,true,true,true,true,true,true,1158,14,true
r0035,277908a1ea0c6c449b75eea86e7c7b50353ea40734691f82a731a86f5fdfbbc9,b26158501a21d2726b0dee692c66fc93f82c75c921372fdf7d1d49b4797381cb,true,true,true,true,true,true,true,true,true,true,true,true,1158,14,true
r0036,1f79d160f3d5fd12d6bd4cbf5ae88352e735574331b1adf65fb59c2b44ca3906,61b74e0d3b8cfb3efc75d4d299eb689a184325b3255abc0ba72bb6719a3c4e3a,true,true,true,true,true,true,true,true,true,true,true,true,1158,14,true
r0037,1b77c0f582dcb99fd5ae1b0e87ab1e3322c82f9ff30588ece523eb860e96fb15,d5aef42a2fa4cf5997aec72c82aa672df9f7be455f770386ba7fc6abce90f301,true,true,true,true,true,true,true,true,true,true,true,true,1158,14,true
r0038,fab9ca5c7577a60bd489e4a0666cda61724d6db67912f22631ada592d7357432,3d6e8a7812f88dc8a55ae63175363bf7a136ab5643238a3ff9ff43aa0276791b,true,true,true,true,true,true,true,true,true,true,true,true,1158,14,true
r0039,6ba98646a6a7479c073a1fd46b6d249ca53516bfc4a36f6dc24fac6a3f872a38,a9f9b9912fc3679836e6d4dfd56454dfed3632c40b93ac11c880871ac4f5481f,true,true,true,true,true,true,true,true,true,true,true,true,1158,14,true
r0040,8a4a9b4c61f4f829ca7750661d40d9ef0c5710e88481511cc8e78778569d460b,c5fa81599c67a93c7ba6019b30144224aee8ebc298477bd35d47590aef94e9c7,true,true,true,true,true,true,true,true,true,true,true,true,1158,14,true
r0041,61d40743cd835568fe1e221662b7c86999e8c86721b352d28b50dcc19695d349,a86aa04fc85dcadf5bae75f62e74641c23480410fea2e42f2325acbf9d30b356,true,true,true,true,true,true,true,true,true,true,true,true,1158,14,true
r0042,3b5fd4a2be56edc1b5a8c08273b8a0145d32dbc9b05d391072bf26ec08219a71,58fd765e7bd0469676b0ea66f3b47890bfc0520c45a61224a9fbe7357cbd3c4a,true,true,true,true,true,true,true,true,true,true,true,true,1158,14,true
r0043,774545bad06a7931b16774f3ef5ac719cb750fb29ed4c8deff4944052d091022,cc2321c5761284961939dce6f08444e3d643fd1755f2fd92342cc1b3a8351451,true,true,true,true,true,true,true,true,true,true,true,true,1158,14,true
r0044,c87d465d4a2b087a35219accaf769d88ca77f440b0321bb5da40c721b9ba8856,3fcbcb3d36a52a1116a5c10fcd680ee6626453ee8d1d6278d0948e5b1e749eff,true,true,true,true,true,true,true,true,true,true,true,true,1158,14,true
r0045,b7d03a441378cc8d0d69974a101122f71c645157208d3cce5bc4c921d1588b2c,026e43eded39f90e23b8e68c6e87e1dde968bec51414a4eef4f5526f9e7eb32f,true,true,true,true,true,true,true,true,true,true,true,true,1158,14,true
r0046,e0f74d6c6328ba671b5dffe1a78c07b20e73af155ebcd030db8391f6194bc752,f9d1171d3e7e28e1a8db1f7561ebb990fb513bfb089b69b77fa294023561db98,true,true,true,true,true,true,true,true,true,true,true,true,1158,14,true
r0047,b14a760a03c7b86b7a3b0ae1eae2241d0642761b5fca82f635d047120048fdeb,f9bcf1f570f8be903059b0aa44310031a0ff6c8c5f6744213e53093295ccaad6,true,true,true,true,true,true,true,true,true,true,true,true,1158,14,true
r0048,3369f374a5e8962c15f34a621455a33b59e3bc926c18c24aae8b663af19001c5,04b291282159aa128048670f8f3e2ef9cc71c4a7194413e866319a925c8dc20e,true,true,true,true,true,true,true,true,true,true,true,true,1158,14,true
r0049,01c41c4d250abcd75e9062915dbec9f49f2b2b2a3b9df95287f70c8f05737c37,6cdb0ac2904962ca3f58ba0d862ba5ce4c34c31fce9531100b1e510600a4242e,true,true,true,true,true,true,true,true,true,true,true,true,1158,14,true
r0050,8365ed27122236df9d7ebedd3ccb8fe1dbf0b50bb09798d7ba9bdf342078eafe,d5f0cb9b260eaf04d9933f09575e7aedb5aca13a842eabe2db2d7a04baf43a69,true,true,true,true,true,true,true,true,true,true,true,true,1158,14,true
r0051,a5edfceb8240d7dbc919ea56d016d576e039f6444661e3362249237daedb2e22,a6f14e6509ab61fc1187c370d1f0e632a1da5a0d64701ad79fc064505c485775,true,true,true,true,true,true,true,true,true,true,true,true,1158,14,true
r0052,a075c8834320517672554a2e684132bc951a35095cc705e759c75f5505b7c21a,4fbcb4af3faeee413237e387d2a30c3c3cc5336e1307e6679e9e072c2b2b6e53,true,true,true,true,true,true,true,true,true,true,true,true,1158,14,true
r0053,2bfad54f4aa29f7df1034fad46e558235b0ed1f1a2654f2337aed57e42c43e66,0ede8da716649a8a6fa423a9eddbbe5b635d6e29c41747c7bbed0bf0cec853f0,true,true,true,true,true,true,true,true,true,true,true,true,1158,14,true
r0054,0770703230865d0d5720cf4f8c3c85665b2266653afda10f1c4c1f4e3382d542,0db4710bf9a9defbc6ba7402e3508b8a26150ffb41c61d0ee7f57fafb8ff978c,true,true,true,true,true,true,true,true,true,true,true,true,1158,14,true
r0055,455346e9dabc60bdd9f573da8699be447ee280b8564ffa62f1d5a651f6e5d8fd,bdd25925373d0aa419ee03310b566600784a9eefc4a48fdc9416685a17469fb7,true,true,true,true,true,true,true,true,true,true,true,true,1158,14,true
r0056,ffa8d240acbdd5c08ef643a789876c1e27885a58e5dab6e81c441b81acc185d7,322095c0d14de272c9ae7743631c69bf745921fb22a82661121c4ab24c88ca78,true,true,true,true,true,true,true,true,true,true,true,true,1158,14,true
r0057,3b41979e8942002d2e55e29789674683d85e889cc72567314009e7c7647c6c93,edd9959d33ecc090280778692380844dbf365be716885b1a9a2d7c91294d4e67,true,true,true,true,true,true,true,true,true,true,true,true,1158,14,true
r0058,0b8f6e3c19f74e7b7074e9a92089a37dd3e7c8eb38db5736b4442c207257e265,9449dae88ae1fc4342b6af0374ec7dacf8f154bd40cc9d58a93ba4b615d99d2c,true,true,true,true,true,true,true,true,true,true,true,true,1158,14,true
r0059,3be32ec68fbdd9e151e82c46d2067223d12f0a0a0270ad9d5ae13deabeab7645,db86a6ab289db463011e3bd090d1489362729a4cc2c6022fb78dc609af18a6b5,true,true,true,true,true,true,true,true,true,true,true,true,1158,14,true
r0060,88b23f971669667f0a159186dcb5434bda8a89c47fa9d64f884d968d262331a1,af0a31666d5642ffd3aebe9433609ffab66b4892b81604c3b7a4dab32ae376d3,true,true,true,true,true,true,true,true,true,true,true,true,1158,14,true
r0061,6c827f92512b6528d7b344706e4e2b3826c5513f5f662658cc094be8a5c84938,e9fe08e8a6a6bd59f275e798d6ec570197a4d1a8c2b30f62ac5a3d6b04b3c2c4,true,true,true,true,true,true,true,true,true,true,true,true,1158,14,true
r0062,75147f454465be92ef538bc39e4806b545c5efc26bcea00a8fb438aa18d4010c,c5d1abdee945f72a548af919c4283e0eefd4952450543a7b2694c912ffd9e1dc,true,true,true,true,true,true,true,true,true,true,true,true,1158,14,true
r0063,f123b6d0c808ac178f98f6f0272afa3bd18a5a32e6db68bf16d5a2907b83d6d1,19ccdee5cfe9c637b2d0ef72b63fd69c029ad39f7cdefbbbad189ba7ae2869fe,true,true,true,true,true,true,true,true,true,true,true,true,1158,14,true
r0064,66dfde72a82aeb539c66aac87a1f78bb1ed680788e1901760826e1c047f968f8,b63ab02a48637692674f6c5b749d50f4df16dcdf410eec0558f91de2f4f549ab,true,true,true,true,true,true,true,true,true,true,true,true,1158,14,true
r0065,5ca5d73bb356701f2904201c3d792a1e646d87234301b90b35111a4deb281911,59dcacc07388c77e22e8c1b2b5271ada9656301ae060964865b9e7cc586743ce,true,true,true,true,true,true,true,true,true,true,true,true,1158,14,true
r0066,969606ec04d9f650e815bd52a5d2b13a5004260ad8070e51efe98091bdb718b9,8442ce45d2ac645ed658691c638e69edbcd803b9ac1adc716ffb4e8b53cb8413,true,true,true,true,true,true,true,true,true,true,true,true,1158,14,true
r0067,2756999e7ab5638f1248812079db7001f764b6e71607e3b08b6bd2ca2ffcd02f,e2099d7c30d43617d1e6ca3528a162cab13847818f1a8e877c434fa2e1d26c95,true,true,true,true,true,true,true,true,true,true,true,true,1158,14,true
r0068,7384218c314291ae6d96b06ecc500cc30b66e168e3afbaee32b042f29da1c6c7,7f8f28111b35f98a78065f5d45587f2baaf6dae9a6cc723d7d7e1ed45f102e40,true,true,true,true,true,true,true,true,true,true,true,true,1158,14,true
r0069,3a7511bf0ea92d583fca35c7d3c743e9ffb89de04400fa6595fea55127292c9b,d421191ac0c8fbb3dad501c2ef922dcd8f4eb79ce3550224c32f41f6d4d9b920,true,true,true,true,true,true,true,true,true,true,true,true,1158,14,true
r0070,6adbc9a9b88750459c6886e271f50c685564650d6120cac189b6e82008794cb8,1c177a055c8fe8cd6b621fc1f378a927104fefde4fdd6905d074ea2df0cd6adf,true,true,true,true,true,true,true,true,true,true,true,true,1158,14,true
r0071,59f5dba0ddc3a6488e9d1193863067b46dff8b21b67cccf17d87292eae67055b,4fd74571b688b2c3e7a5857e559bcd0e5b5328d82aeda42c4124a09f0b4c6016,true,true,true,true,true,true,true,true,true,true,true,true,1158,14,true
r0072,19d432aab5f823fff09e9030d0a93d1099559611beabaff65b277b9dc3378ecf,7df7c83abdfc60191ddbb97ca61e2a591b4198239ff3cc18a968906fa539943f,true,true,true,true,true,true,true,true,true,true,true,true,1158,14,true
r0073,738a83445fa2ef9fd3fcb3324c767da843cce903537066808a8aaaf9f45dfa43,5b7add60ad775e42982728aacb4c78b3f011f4c56e49056a87f7e8a2139176b9,true,true,true,true,true,true,true,true,true,true,true,true,1158,14,true
r0074,c2c38646d8423917697586a4076dedcfbf9575cf0ce9ff0a7e3200b7ecbab39e,c19ca0246f43d55980847ab4236c6f6e30df66a75db1301cbc1459196ea16211,true,true,true,true,true,true,true,true,true,true,true,true,1158,14,true
r0075,dfe7bb1a1b1d4f374b3816016f736011e938c7cfa896629a43d7fe566a8d3ecb,cadeba7aa9056f6d936217d4ef9698376f45bfeaabab36461da35c16dd3987f7,true,true,true,true,true,true,true,true,true,true,true,true,1158,14,true
r0076,e05e67b8e15ed2334f2f4dc476effed746711b15001436451d0a78308cb76c82,b731377a202f5e47bacef06e1d7632493ceb4a311d6988b3cd05f9aee7af6ace,true,true,true,true,true,true,true,true,true,true,true,true,1158,14,true
r0077,2c616c92a9b4ccbf05ef5731008ffe854e9eef8dcc7faac97a9266429b200ec6,6d577d64733602f7d4feae4a52103e494b4b2fa54beab87d63f0dd0f90d81ffd,true,true,true,true,true,true,true,true,true,true,true,true,1158,14,true
r0078,a2e7dab2ac77f2307f5c58dcbe278f3ac975258d9c5d8b030be23b3c3d891f44,baeb88ff4ea28120fcb6d58cec12179ae23a76f080b6d5e663043df70c1fb135,true,true,true,true,true,true,true,true,true,true,true,true,1158,14,true
r0079,be1219e3768cb20ccb3b4c2979895f06cf505faae9472b05f4f5056bc7ab9f49,0f8e0983ecf82dc4350b3fa3cf0d1df4ee587daa0769b462aab91b0847b01e9a,true,true,true,true,true,true,true,true,true,true,true,true,1158,14,true
r0080,82b79ce820f148c98d63e77ec4bd543b09589ae482a72992361d4afadb34ce8f,1e73b92a8661d71cd0cc35823cda3d02381afe5b6e97f7978c13ff6079cc1dc2,true,true,true,true,true,true,true,true,true,true,true,true,1158,14,true
r0081,eaa7f59f6a0b4c2c279fa963c8d2902ca755e655cde0ff83629a18e2976338ed,5aa06bc933c9def96aa4be13007cb88efb54bd6f072e6b08029cc0bd97331f89,true,true,true,true,true,true,true,true,true,true,true,true,1158,14,true
r0082,722c04195b1f60f34ac54dad9951c83cac6801cccb3fbf8cd3ee947b4db4a8b3,3f871964fa4dbad46e0a8469c5ac0c7e118166a9292a1528e54f50f8f4c83312,true,true,true,true,true,true,true,true,true,true,true,true,1158,14,true
r0083,712dca35d223ebf1c079f5f20a51673d4b1b1c405652f6bd7a5de7678021ec03,1a651670cd1b1dc81128253a4c793e7a90bee4471a2107fd6d7d71199aba566e,true,true,true,true,true,true,true,true,true,true,true,true,1158,14,true
r0084,cfb6c03b95072c55711ee90bcbe5a50883bdf21899784628b192bad6882fe81e,1b43b182c02ecb488441535badcf3037e18f2046de686d1583718904f49bf4d0,true,true,true,true,true,true,true,true,true,true,true,true,1158,14,true
r0085,cf20a840ea18b2fb50f4e4c089727272145e04efd20bbb495e7b94fc10449f45,dfe94546877522969f9c1bca3266733cce9fbf401868aab8cc7463942f568c24,true,true,true,true,true,true,true,true,true,true,true,true,1158,14,true
r0086,64ae08b85f2cbc9150ad0f54998eb1f2159c9fbe4ca07d48f03e88d88e7aa752,ca31d3abb6df85757a68f3a576b8fbddadd037f1429b61f550edf1ec859978d5,true,true,true,true,true,true,true,true,true,true,true,true,1158,14,true
r0087,ac460be401465bb5313d9a2532a0fe484ad1c84850def35da64af4642dd20382,3fb91942f293ba27d18ecc32cc2f58c2a3db84abd8805fe38db703331e3cb086,true,true,true,true,true,true,true,true,true,true,true,true,1158,14,true
r0088,591cb72d18c65c16594818d05583b896a2db82023118de97a12b57bb818f6d59,0bd43518ebf9172d66e83cd92e65931da223ff931fa2eb947b9b30ca0e9f216b,true,true,true,true,true,true,true,true,true,true,true,true,1158,14,true
r0089,db45352e5aca6d48dd29d68dd7c9e1a78b87e0e6311ad5e0a24b984527776276,3dbfb98e0aac35df4bd3c915daebcf42ceba74a328e65277c27782e6fe9b6227,true,true,true,true,true,true,true,true,true,true,true,true,1158,14,true
r0090,d4c62b402ca79eff748807c6fbe5b345b371f9a48971c0bf132da8058e24949f,ccaf2211a91e1b6df3ec69eb287c48916cf7e17e68a84e32d5245731769264b4,true,true,true,true,true,true,true,true,true,true,true,true,1158,14,true
r0091,ebdcb25f501bd96795ba354d63a93db9b2d613a492b603edb78651a391ae317e,8760efa1f724694de55429a5ee3a0a4016729cf53419c7cabb5424fc826cbf30,true,true,true,true,true,true,true,true,true,true,true,true,1158,14,true
r0092,31a7725dfa2096399a915162ff6528243e4c8a32d34c9a33bacc95e63b549a0e,a79f58bd1e3f9d699ee7fac529ae353c7017812ebd1c835b9feecbdc8970bc31,true,true,true,true,true,true,true,true,true,true,true,true,1158,14,true
r0093,53fabfd433e320b0166699202d40c16bb816ec8bcdb99f4c4cd426189bdf0348,84c6f74bf4e318de2abef85bf697696b87024cd97e6246b7e987e91001eb47d1,true,true,true,true,true,true,true,true,true,true,true,true,1158,14,true
r0094,986c50e1bbbf02e704639ee569907ac577cab254b4342a95bb8a70b798f8b39e,389c1178258f977d555659c48ab2dfaee465eb8350112d4327c802942ae504db,true,true,true,true,true,true,true,true,true,true,true,true,1158,14,true
r0095,d3944ff33331bb0c347b3ab76236615db4e87f81254f1fbf6ffb12ec5121edee,73eb098963297e2534072d88dbb09a3d2611627abb4ee53b2c52f989348d814b,true,true,true,true,true,true,true,true,true,true,true,true,1158,14,true
r0096,73182b8b874773c2f55c32ce943d51fff458e65534dc2cebb6aeecaf7378ab69,b7ca64810403c0d3735fe28d0d2bd97f4a2490004ac007e0307d75d10e981ec6,true,true,true,true,true,true,true,true,true,true,true,true,1158,14,true
r0097,05ea11def8363a5df731e178e395f69d167f989f195e0d34a0f6ed81cef8afaa,76970a60bc7fe142e4252214d2b4699d867781425db2fe6482be3cf28408b011,true,true,true,true,true,true,true,true,true,true,true,true,1158,14,true
r0098,252dbb688dbe5843427d76a44756336c38667a0b6b2de44ea58f6e504c34f1b3,beab0df3e12de1e8bf0b36383dd5a07176894e604236c25e437afcf0cceaaf1b,true,true,true,true,true,true,true,true,true,true,true,true,1158,14,true
r0099,f64ca5a35c4e500a9591bd3ccbd329ecb4b843b0436e30af3b55d4556934e333,a116d8737f022787de0e90a70baa51895f496aef30cd5d90e04fae272d939747,true,true,true,true,true,true,true,true,true,true,true,true,1158,14,true
r0100,2fe018cf322b4d013a6365aa5ea0905df6abeabc7dffa78b3d1bb96ef06d23fd,9a7bf6aa29460c2e781b59c6b7080f836972546763e19156b802b6d290c7e0cc,true,true,true,true,true,true,true,true,true,true,true,true,1158,14,true
r0101,0291be47a981c86795b9111be250e3975536b16d68bb11ba528232a58fe16ec5,6102cb7fe24227da70894a2325be1a6d8a4867bb9deda208e80ec93e3f0e07e0,true,true,true,true,true,true,true,true,true,true,true,true,1158,14,true
r0102,ae7b6e4296048fffc40f2ec9a81b9046efcb867c0b6d15b9d5e0606998c3b87e,d75866baa57c71037f494c8058de10180bde85907b368ae5a020fabaae152c09,true,true,true,true,true,true,true,true,true,true,true,true,1158,14,true
r0103,ee301e13075e5773e4e5b8ade8657750c9b588c88c2f4d033338fb741cc981aa,33ded8593236da9874a8b6330ae27d93ddfc1e3b4d0c86afc4179694514f3cb1,true,true,true,true,true,true,true,true,true,true,true,true,1158,14,true
r0104,416c7b1a34c8e41319e933f7aeaf566e49c95142fa511a9a53ef5ac21338caa5,38b31c6cc51e14497ebb9d0178556ed11e442051b558ee506a85c9547d79f22f,true,true,true,true,true,true,true,true,true,true,true,true,1158,14,true
r0105,88067d313525aadd042d811d7d0457baeedabaef26541b8e28f728971f7d7221,4f794148ef1497ca40a50f564e658fb1fd782073f483b8a2a309ab206a37c095,true,true,true,true,true,true,true,true,true,true,true,true,1158,14,true
r0106,f41f359dec481bbbc910d853763fde99b70958ed669d1eb6a3422a62ff27db27,7913f55efbfc947ee905cc09f8c907586ca6ca6eee0fb6cf51a5f288dce21ea7,true,true,true,true,true,true,true,true,true,true,true,true,1158,14,true
r0107,3e5076115d828aabb6be7671b4f42dd76b3ea90c9e842cbe74f102b2615a1c22,3595a8e74f90a2ab6a37b2f60eaa13c4040bdb905402ff4be88f179f3efd0446,true,true,true,true,true,true,true,true,true,true,true,true,1158,14,true
r0108,5632e6d1e004f22854b6c58a6d65b56f8de9e92e1b360dd415f82d3655cf292d,356042f14c31791366b278054ce11d3db38d91baed14f1960de59178236d54e7,true,true,true,true,true,true,true,true,true,true,true,true,1158,14,true
r0109,2b4b4ca572f057fba6471d56095a0c953faa5382682f4cb1fa8800e2767247a1,109ab558772acf59ad737016cb27537c09102c635f9e1c88a0479a65eb412f7d,true,true,true,true,true,true,true,true,true,true,true,true,1158,14,true
r0110,52875fe472b350d48501e187f626c7518ce67bcd60b83b68b532c1031f18819f,d2c61138b5512d7b6a7aa0e1b6461f8a4349179a74e095524deefab560876667,true,true,true,true,true,true,true,true,true,true,true,true,1158,14,true
r0111,14872f405d8ef36d6269a852c9dc6c103fe859b7c3f91cfaf03591ef7f9b3e23,99eaa8c31d441d1bc7966782efe5ddd186576905f26a2e530d808f4194c3fd54,true,true,true,true,true,true,true,true,true,true,true,true,1158,14,true
r0112,24415fd0e92f31e68c46d229734d5bc4b7302f8d113a7ca3802c56f860e63f3b,3693320293a90f1430526bcd04417a004b766de4723d6849aa72acff4f6f8dcf,true,true,true,true,true,true,true,true,true,true,true,true,1158,14,true
r0113,02f4f2039b09093501ab33dba8b96fc7a458c06f78478369d1207079c95d3e04,2a4697052fbada584f0118b941d830e6894022f3321191939dc5511f1a43b03e,true,true,true,true,true,true,true,true,true,true,true,true,1158,14,true
r0114,0734e8b95fdef69997e06bd5dad90c046085a11cba181a30386013a143d3514d,8772948140baeee2743ee66f4301ae1ba1ffa81f5edb60ce7ba20afac9905bff,true,true,true,true,true,true,true,true,true,true,true,true,1158,14,true
r0115,294bf7fd0cde7ca0ff3a53cf7b2f6e87baeca5daceb9a5866025085e016bd7a4,a12ffdab10cea0d5f98faaabb90b72c3464eef8e18ac8d36c38e7e88527c2fb8,true,true,true,true,true,true,true,true,true,true,true,true,1158,14,true
r0116,103ae2842172880cc5d13b907f638ae2bb104092ce873979339c2d00ff8c409c,08b95fe7fefde739a2ef13ea0639ac78f39ce5ab9de31947c614398eb3ca40e0,true,true,true,true,true,true,true,true,true,true,true,true,1158,14,true
r0117,1827a329d7b639d2d7ecd0a7090026940feeeb50bdfdbceb2b334704192aa207,34a3dd983d28c793131d72ab87b6c2aff595a699e5b347a618c22a0c77141d2c,true,true,true,true,true,true,true,true,true,true,true,true,1158,14,true
r0118,e8929e50673f82c35f73d0f1b39042a9b18d71741228a23ae26d1e5773bef646,9c5b62faecf07b3931020e6bb3c5f4d4e2ca1f6a964dde084d086edda32f834f,true,true,true,true,true,true,true,true,true,true,true,true,1158,14,true
r0119,2c124e82fd6c4732f04a4b4a87e52b8b0b4e211b58d677751563d1b8bd0ce1ca,8d5400f96b722636f1e10d629628feb25a70c10bbd6eee13779e9eb07fdef5a3,true,true,true,true,true,true,true,true,true,true,true,true,1158,14,true
r0120,a574ad6dc8b4b38a1563fbda7671722b3e5408fb5b4e117316db4bbe465f0885,7c53c7694d8844c0d8006343cc932f48d8fabf4eaf1ead162a647df0645775b9,true,true,true,true,true,true,true,true,true,true,true,true,1158,14,true
r0121,8590969e3cf5a910ddc3add9a89f9c6a0c71d9a853bd8cdea789cace01488d6e,69c058e34a53ea2c762ace9477e752b44d1897c3cba0530cb549c93a19ac7e3b,true,true,true,true,true,true,true,true,true,true,true,true,1158,14,true
r0122,e6febdf479b8270e6452a4c49d629cfc1444e3eb33b1911b72ac85d3798bf88d,a12556082f5be2de754ef1f3f27a6c929c9e3ca8a75e794dadea9039accc15a2,true,true,true,true,true,true,true,true,true,true,true,true,1158,14,true
r0123,3cbdb10c54ed33616a77132c3ef154e1e65a93f039d675935c46edef422d5429,4d18abf7f678a1a0e5fb576bda23e58b44ed0e12c6a6359dc95b7b6c8b050816,true,true,true,true,true,true,true,true,true,true,true,true,1158,14,true
r0124,7a1178da066856ff12401c1038438d76356f3411569606c77d651dc638f4b50b,ea6d7156f69664cdf55ff79dd6d5cc25aef7ce794ef32b56a6aed4a6a1b02d5e,true,true,true,true,true,true,true,true,true,true,true,true,1158,14,true
r0125,5a8430826b1dcb6aaa634d8f1723fc458a87d68ac07851291a52637b035542db,e92944526f03e6cc6a613ac8fdacf474c4fcfe67ecfa6afef4fc505ee976a63d,true,true,true,true,true,true,true,true,true,true,true,true,1158,14,true
r0126,f6d2cc62f7fd758a4610368b3991b993ba87614727a3dc36b8391a83bf242188,cbf61d54722905f9304dea01d69ba93f7044b826ed5356a82c08dfbaddac8e58,true,true,true,true,true,true,true,true,true,true,true,true,1158,14,true
r0127,f1d828484ea44d10d9081a7115c444d0d9ce45cf45d335b6e2cd10c968c51304,2d587e96885f3e1c6fb5223042d9fde129abd57148c23dcca90204ca575865e1,true,true,true,true,true,true,true,true,true,true,true,true,1158,14,true
r0128,d7691326d04908e8d203e48fb77fc59dd180301c46b451272899ad10e290d5c3,a39fea78c89ef032d17e7945756aaceea9054d226b65f8e1ef1eca3e6976941d,true,true,true,true,true,true,true,true,true,true,true,true,1158,14,true
r0129,851d9da8e061036cfb5fc9e387ff719b49d5239c3f068971ccaab4a8603e3b2c,40a5204209bac0d6d83423f1ee81de9d587f781d8dbdea8ec8770cef833a6974,true,true,true,true,true,true,true,true,true,true,true,true,1158,14,true
r0130,d679036dfb4d34e91225a11aa48ee1288321a6828754d80cb9deda25653d3cf9,21df9dc89dff3ecde73670f999a05aa52386d99bf900647059eb35d8027bcb67,true,true,true,true,true,true,true,true,true,true,true,true,1158,14,true
r0131,af951dedabab7e3558751f22fe380ecd449d27801f846317a33f4d4ae67e51c3,4a40d05c410878c36ce5b399826506945c46bab682475b48292beb9a51877968,true,true,true,true,true,true,true,true,true,true,true,true,1158,14,true
r0132,eef0ef1c62a7de7075282c65e372277aec6fe90aef1a3a03384bf388d785dfc3,e6f98c3774d319bd6e7a674e508299e74d1fef38dfb9f1574c1b1f320c0e55a4,true,true,true,true,true,true,true,true,true,true,true,true,1158,14,true
r0133,dd8398118b246eb269be13b3e1df8912917b228b3bc66ad49d159973b640af32,8758dcd15537c2848aed06ecb2e33708c6a64a3a414032b9bec68bd8a855b3b9,true,true,true,true,true,true,true,true,true,true,true,true,1158,14,true
r0134,ea70d576758eff268e125b0693ea35ca0c02253263059f51fe4522307297db7f,84a04879d040849e81639dc4b41e7a2b06e1cfbaf5109384af14d7620823869d,true,true,true,true,true,true,true,true,true,true,true,true,1158,14,true
r0135,09e3644414f863505b367f7a701e76215d6aef67c773a927fa97357e39c378aa,927ecf786f9e7d1a6984c15130cc89a8df5255d5b8854cf328af671785ce1b92,true,true,true,true,true,true,true,true,true,true,true,true,1158,14,true
r0136,d1ab97220d3b79bbd9d153212ac05323ff1c3b6e9aa10eed060181f238023258,160130b6fdbe25d2d6d158467ed5df18ccee3a378fc0ec26b67d349d5056b3f3,true,true,true,true,true,true,true,true,true,true,true,true,1158,14,true
r0137,ade488565a1d4af556b61d4e98d4429c39d9c9c07e382619ce7e4b8935e21692,85b03e8f42c14134b3ab70eeaf525d0ebcfa7e7e229ac390c2d7e44aad75938b,true,true,true,true,true,true,true,true,true,true,true,true,1158,14,true
r0138,eefa8e8d8bdffc92576f0bdbd34337d54d5949b8206a8a76a750ab453bc0417a,67a33b9682c310c6dfe4ae3c3c2da4a0c8413a24d053acb84455f1beb3c68991,true,true,true,true,true,true,true,true,true,true,true,true,1158,14,true
r0139,e5f1346c00b52eef0dceadee3f0e0ca71bbc2f8a0d3195fe0bfa057432537c08,8618e4a38801b78fc7bd80731d9f4e3c274c796d9da4e79cc5e3a687d8254275,true,true,true,true,true,true,true,true,true,true,true,true,1158,14,true
r0140,7c8686ad2259e3ce671f6d161c77c29c2a916fe9d07bf376b05abc3248ce78f5,1af790ad9697879bbbe2add85a921129910b4dadeb7ec3b2c43cedd9e606d8d9,true,true,true,true,true,true,true,true,true,true,true,true,1158,14,true
r0141,8f974a510930e277a52885dd552f088ad95d65249fbcae1002424f590567b84c,c9088ce569d2a2a24da5b30435d83ea2c344952a199e0869745d1216c8fb902b,true,true,true,true,true,true,true,true,true,true,true,true,1158,14,true
r0142,12e77a8129d45959d14401e5ba0066e94a5d9cb4bccd1728d1bc4f80314e1bb5,dc796495c01f0e6ba20e1b6054a0b28224ff4c0c1337c912160dfaf426534ec4,true,true,true,true,true,true,true,true,true,true,true,true,1158,14,true
r0143,466d818b3de671dece66311ddd9edfa48a3bf57d96d7be2e7ed64b8f8fc539ba,8a130a811343bb3861b5b7679ea0de2ec34e67044c245e88974cb6ce368db429,true,true,true,true,true,true,true,true,true,true,true,true,1158,14,true
r0144,0ee55882d5bf54f1d1a8adea09e95feeaaa6b2b2ee0a74655f72a67a39f2f602,5e15cef99a08bfed851fb4806e659af9134a1b03668d2f5baa917edbf06a74f2,true,true,true,true,true,true,true,true,true,true,true,true,1158,14,true
r0145,115a4820f77dabbe9c508d8bdd03e1474cf856199594e1fc425f1892e9b2698c,575859a620081d7669c47a2f4630fec3b4538445594efa2c1605d2f0f3229c61,true,true,true,true,true,true,true,true,true,true,true,true,1158,14,true
r0146,0376334d96261fe0835fa10330054dbe34d3aa8e600e67e8e0b7e3b0027e8378,a94878916d8e38ea561be48ad0762c3c012307ef27c130777444938b6a26d51a,true,true,true,true,true,true,true,true,true,true,true,true,1158,14,true
r0147,0e96214ac15af9b0de187cfb6d3f13c02a6fa09f7db36ec86cc013a9f87d6348,d5b55a1cbed0ffacbe25c85d04257832811c63b431bd3177a7159a062a0c08bc,true,true,true,true,true,true,true,true,true,true,true,true,1158,14,true
r0148,dd435f90fee253cdce9083fb25f6434dbd8cf044f3d559e9e80ca46d4693ecd6,94a2da1f4e5b8f66f6fd1d12589dcd16ec5312a6b7b07f9647ce3ed3cda25ba9,true,true,true,true,true,true,true,true,true,true,true,true,1158,14,true
r0149,66bfe984a903208b1f2f4e31da52f53c41dee62d91e509ff02a56823883010bd,eeb36463325429996cfdc249b418c7b74849247281792c91ee3cba974150e988,true,true,true,true,true,true,true,true,true,true,true,true,1158,14,true
r0150,29639507bff3cc4dd93d0f6c2ec7947cf13314dc5c18c04cd6c9bb35ed32d758,9c9f52e1be7a88e3929c047eec8da911ba0ab30bd0f9d68bcf574724dcae7423,true,true,true,true,true,true,true,true,true,true,true,true,1158,14,true
r0151,736dae6a5ac09aeb76823c8ffb31f8065aaeeb8904b1132facb1ca8241f365c1,40bc4aa15a738cb87c80f5ce505b48860c504dd6422b50e8d091741c1ec566e5,true,true,true,true,true,true,true,true,true,true,true,true,1158,14,true
r0152,f9c36e14d7b82dccffd43b772614ca493ff05637bd482233e101aa89b04cda60,8040c863c42be356692949be8279372eec1299caabcc5ade44af15100410505e,true,true,true,true,true,true,true,true,true,true,true,true,1158,14,true
r0153,52074adeb7dd4fbc80750ce66025ff12504d09da66fb4c434ed1c9e784071b19,49352057b62a3452c0f788c82d0849f12b04fc1802ac927948db3a3e320cea21,true,true,true,true,true,true,true,true,true,true,true,true,1158,14,true
r0154,1c285b4c6786f3e293f9584504bc00c34df689256d5d985e16e9fe21f632e8ac,c01a33bfacb0fb810f43d10286384d34e48dfb135f6367395349eb4ecab64795,true,true,true,true,true,true,true,true,true,true,true,true,1158,14,true
r0155,f55df2d4faa31ad617ec2a1e957233af02923f6dc278086d30041e8a0a76c6b3,7e0616817b3bff1ef116dd0669d3becec72449710aad795b51feaba8a8229105,true,true,true,true,true,true,true,true,true,true,true,true,1158,14,true
r0156,4cc954318392a27172a4eae3c9478af91d50db00a1d10fdceb93b4a9f957ba03,826c3fb0d45b3649e0e1eb3458ce9e6423a20d2877d401c2c0b74763e30e227b,true,true,true,true,true,true,true,true,true,true,true,true,1158,14,true
r0157,6f58cd78d1e713e9fcb07bf7daf3e0fe97f351a28ff95966a8fdb800bcd6b4e3,a6010c55f8d035289976860ab16f19c1cbb6e2284f83f36ea706825ed3f0bd67,true,true,true,true,true,true,true,true,true,true,true,true,1158,14,true
r0158,b8d67710d9d89c6e304a832ce4c356e5232a7d42fc0958c6a9c547ae9314a907,01793d2be247bbf175a058ba0347fb06f12226d628b8780813ee63c2558e3aae,true,true,true,true,true,true,true,true,true,true,true,true,1158,14,true
r0159,99544de57c6609e1a3a7b4413627e7da5a39014412f18ae9280c49e48f3010f9,9a175b2ea405f2978a07bdd979fd8051164f7ea25f0917b8be2bfec6eac661f2,true,true,true,true,true,true,true,true,true,true,true,true,1158,14,true
r0160,0644aeef256fc0a8a9f3645e9f7c2f76653c59307bbd4fa4a9034b2d0be13ee8,9a82c5df8979a9cbc848674d76051b9dcd005ef35e741b74997cc9577b8b4e17,true,true,true,true,true,true,true,true,true,true,true,true,1158,14,true
r0161,4b98b041ce4da1bce7becba6549cf2d603963d740a3015ac347325e37861f6ed,83b01933e087ab80e1185dae80180ac2dff7b29e8f61c4b9d4b6991662dad0cc,true,true,true,true,true,true,true,true,true,true,true,true,1158,14,true
r0162,7db3483aac7f97799c1a0fede1ef7b48fcf789636dd0af446f66e79d60d534fc,6937a492d34d77fe0f96863b83f29b58ec497e49e5f40f64b04118ef26061fc8,true,true,true,true,true,true,true,true,true,true,true,true,1158,14,true
r0163,3431ca53fca85639101b6cd4bb63e8a362cdc091da13a713d41f9d1f8b8e0ebb,bac68dfcd4ac4cc76ec010f2d0e6b3cc85dd9aff4e854765224b47ba47768fa0,true,true,true,true,true,true,true,true,true,true,true,true,1158,14,true
r0164,482c5daf269f8758172847473114447e1687ea87e280f856383cdb4a58d17772,65f6c04d34cafdc78b7ae35df6a5c9334d804bf2dab8f687a7f95bc7817f92b3,true,true,true,true,true,true,true,true,true,true,true,true,1158,14,true
r0165,e1005c8ede02dc66e356825f19b15c18ce893cafdd52efd12424e65ebbf69fb4,caa38b1c76a99fdd3ddd3f0f851687254d1717af37e1cdc6be5f7770e118f344,true,true,true,true,true,true,true,true,true,true,true,true,1158,14,true
r0166,0fcc65ad973b76356690a54074c2e50cbf28135fc934b99dec9b3a28f5108e97,a469e8f96ca631367a9ca4a45fe3aa7c92fd297fdeba1ea826410009956baa60,true,true,true,true,true,true,true,true,true,true,true,true,1158,14,true
r0167,12fcc37cf767545e0c6c8a07faf48cfc6a13ba03afb388ef95482d309739abb7,f2e011a09e62f541273affa8ff0b45ef991c5a598d1da5c9783fbddb4d06beb6,true,true,true,true,true,true,true,true,true,true,true,true,1158,14,true
r0168,b90510ccf4c9664d51abb79ba52f209988e4e1cc5d04f6c93e83973becb45991,26a01bd60cc9391dce16848d5823b6fb9733852b8d66f20101a2628a5dfdd16f,true,true,true,true,true,true,true,true,true,true,true,true,1158,14,true
r0169,9e900033d06cbc3f1d3daa03dd7c129f4fdee52563112cb1503f546bac2f054a,ac88872592e629f4d030d05624bbd8321c07185899cb7ec6aacbcdbf6ff71e90,true,true,true,true,true,true,true,true,true,true,true,true,1158,14,true
r0170,02b1ee04c42f17627bdd7025f775ce32ef75875608735dbc13f09a07bb0705a9,61e3b6c6f121b322eb5beb4883f470c72bf26f2b4b68b572f65470301c1e3814,true,true,true,true,true,true,true,true,true,true,true,true,1158,14,true
r0171,9e40c63ff2000cbc61212adc17404147771bf9019798c118a293e2882e90dcf3,2ff5bc1bbde2510a9dc3a447fb6518127f3f149ca33d5fbe704824e25a3c7964,true,true,true,true,true,true,true,true,true,true,true,true,1158,14,true
r0172,933fbb5e4253d7e140a4871cc1dc49a76039728351c03e8d8eb42edb03087996,7c76a0514e5d1e4dc7e286d2fddcc741d57d9e094cfffbf06304d56a0fcc4ab9,true,true,true,true,true,true,true,true,true,true,true,true,1158,14,true
r0173,83d3e7eb757ce99cdd8e42f75d6ea5b3e3e8ac3cb041b49ef842ac176ee0226e,aeb3d0c69b26da804713dd1b9d8561ec447a034fc9d132b904cf73b5af15c5e4,true,true,true,true,true,true,true,true,true,true,true,true,1158,14,true
r0174,4bab8e7cfd5c1f2d0e0e150cac992dbed6b9a2e0ce3b09eef8290175b170dc19,801d1a47b076fe0496fc619ec281b6ec5078e6542155c6014afb8ee7e5ef02b7,true,true,true,true,true,true,true,true,true,true,true,true,1158,14,true
r0175,7f76c23fc65d3f8b9278414509bdf3a092c640fb10788fac608c6cd88b608159,b237d5b090a047b206d0f512868b54b22e626d25a84e845aa47cb2e123c03130,true,true,true,true,true,true,true,true,true,true,true,true,1158,14,true
r0176,654ec4eb5c8fec869835755e15d775563ac3c3cb2b3aa71a77770ffab85eaa46,b7622d518272344c5bcebbca99effcffedb587de8852470bfdb16107770eb661,true,true,true,true,true,true,true,true,true,true,true,true,1158,14,true
r0177,d33ce35c432afae6c6b5412a81a79343c577bdd2176a926c9966e97000810027,8148873d705f0a3533e5455032dae841355e57bbbf19a13d34770b2a824d7e7a,true,true,true,true,true,true,true,true,true,true,true,true,1158,14,true
r0178,c48be836123db36afae14c7126ac30cd998dbbe385bea8d0d52942e1d02917ea,76e8b66e085203a90d6976729185e966cb72fcc6c5af3adc379e3c0714699f0d,true,true,true,true,true,true,true,true,true,true,true,true,1158,14,true
r0179,25f8e444d784900eb2c25fa2db03963e403e6cf12122d4e857d30e48466e65c1,7752e807ea76dc6b21ee4a2990fb0efc1e591989a3bed752d17fb1d29c67e526,true,true,true,true,true,true,true,true,true,true,true,true,1158,14,true
r0180,bcd9b107c5bb632d346261c98a6ec3a43914f1bd14e5ca31b65aec8737df83fb,e22c96aa6b6f90cc8c989ca89f018779350c8cfee55abd9edc56995cb461392c,true,true,true,true,true,true,true,true,true,true,true,true,1158,14,true
r0181,52030cb6d600e2632ead25d30cdf436e9f680b4c44a2bc8973dcbcdbe443c747,567afa93ffe21b5801a95c349003f23011eda25df1e79c94f93f8b6ec4371976,true,true,true,true,true,true,true,true,true,true,true,true,1158,14,true
r0182,0c5179c7b7f827f65813e4e30baee16be5c65efd7c93fd70ed1c3118458f25ad,a1acfbcde2b04cc92e5a961ece506b5babe12c9c132dae9bee176204445b3229,true,true,true,true,true,true,true,true,true,true,true,true,1158,14,true
r0183,f9b94cc81196f11f376e34d3a29a828cef0b0df7fd4f7ccdfb9881b0ad89f6f5,3a4c5b216c7b37a1e80f2e015c13d2b80b9bf1e69faebbecd9fc466406749f25,true,true,true,true,true,true,true,true,true,true,true,true,1158,14,true
r0184,aea9f84cccb27371029434befd5039266742b646c8546b00832d57a89f06c99e,6200ba95f752db1f23645340ae0ac08f750adb99913ca6ac5fc590dcd9409152,true,true,true,true,true,true,true,true,true,true,true,true,1158,14,true
r0185,6cac3031cd3e99cf61fc3cbe3debb21832103d9691ab04bbb79b845b1b32830b,a9461e565bf03c59348d56ee98047ed35fea054d405ac7d05c774480ee6404d1,true,true,true,true,true,true,true,true,true,true,true,true,1158,14,true
r0186,5d4603ad8a75bdd5896b882f8fe51442a4cf25ca93279498dc70e60b2deca78c,bf7354ebb858bd1459510b81afc2c64b8eeff6997159fa0ba0abc2d668011ce8,true,true,true,true,true,true,true,true,true,true,true,true,1158,14,true
r0187,b5240ceee0d40c8f268ff72b0db5619055fe9e2a792869753c57ee8a8dca138c,2a64d342d9ff38c620e37bf22db8185e5107f1b41e7d8da71bd34a5f661124f8,true,true,true,true,true,true,true,true,true,true,true,true,1158,14,true
r0188,8d799fbd0396505e13d64a464655c10b03705e5457473e04605723dd1034898e,dd673724174c77db818a9ed8582d6f959cd87844fc83e9dad24f4d9f5fc94529,true,true,true,true,true,true,true,true,true,true,true,true,1158,14,true
r0189,c3a5ef28bb2a5efb7f827205bf44f9cf0382b7e312106981e0621ab5e2cfef38,2a081157ad68a5c62c762496300af94c546a626945cad0567dc61c2e8c650a59,true,true,true,true,true,true,true,true,true,true,true,true,1158,14,true
r0190,415bdb734bbed39cc512d90b96cba0ca0d08aec52e80610a26211911170b3041,3d49b1c93df023db0758d9ab6a5354578366a2efd0a68ee159459f531481a811,true,true,true,true,true,true,true,true,true,true,true,true,1158,14,true
r0191,5375d839b9df159bb3b1d98d877c5b61cb7704dcc388975fe6b908686ee4085f,114f976749d9b25a05180bef3edab82552d43d571bbe827f23afc77ab9fe48b3,true,true,true,true,true,true,true,true,true,true,true,true,1158,14,true
r0192,e8167377862ae545180b784f67a02b8b03380e308d8b8ae29553e9731986e199,9b54b25da34b7b0503dccac2703833ad4921a4aa46f8f1ce116f32d382e147c7,true,true,true,true,true,true,true,true,true,true,true,true,1158,14,true
r0193,7ff26134f2366bdcff93a1ae76c616b4612ca4fa7cf92208e7f5bd2dea20e8f2,157ed6aa035878b1d43bc84e42894e6f9913510050514649e6f3ae19fe8f6845,true,true,true,true,true,true,true,true,true,true,true,true,1158,14,true
r0194,a1683d46062d90d54d3e9164f07b0eba456a3b0e59c395e5d838dc251a92cf2e,037c145cae9357eba4b6c3f1264e6bb64a875f85033d4d3b16c406de91b237be,true,true,true,true,true,true,true,true,true,true,true,true,1158,14,true
r0195,92aa30d3bf709a7a2f87d6457f951314925c9ff366f4e6b0ffe2104d4bbaacc4,eb255f26ff815c429dcc29909f48e499b691fd3e3e4f59d7d141fdcb0fecaad3,true,true,true,true,true,true,true,true,true,true,true,true,1158,14,true
r0196,f04c4269aa78317a7425961cfb1dad139600c370ae7cb892340cbf4e5f8d77f0,52037ae9519c07f4f6dc74d04ea80f02d6f266de2182c1a87962daee048629ab,true,true,true,true,true,true,true,true,true,true,true,true,1158,14,true
r0197,5e9f75e580267be25fb3eba79249ea1d82e48ff2c198be27d3a9902aae9cb577,e1f659579dc11819e09a70c916bd97ebd1e5c4afeee36c906ca6b2dc1fa98ced,true,true,true,true,true,true,true,true,true,true,true,true,1158,14,true
r0198,c6563390ecfc56bae5f92d7d09a92e2b77ec2e186a69f62edf42471e7323a0dc,e4a6f2133468f4ffad6d6b81d0028c90d533b031f0172171663ba85727e32500,true,true,true,true,true,true,true,true,true,true,true,true,1158,14,true
r0199,ed90e3f61d3669184f14bfbffab371148c212f9bb212c904e1f7fa460c11de66,4c029c140860e466318795839322e01a2d26e5ef826698c763a9ad2e81b4a6b4,true,true,true,true,true,true,true,true,true,true,true,true,1158,14,true
